,MSOA11CD,MSOA11NM,CHGIND,MSOA21CD,MSOA21NM,LAD22CD,LAD22NM,LAD22NMW,ObjectId,GM
4102,E02000984,Bolton 001,,E02000984,Bolton 001,E08000001,Bolton,,4103,True
4109,E02000985,Bolton 002,,E02000985,Bolton 002,E08000001,Bolton,,4110,True
4116,E02000986,Bolton 003,,E02000986,Bolton 003,E08000001,Bolton,,4117,True
4117,E02000987,Bolton 004,,E02000987,Bolton 004,E08000001,Bolton,,4118,True
4118,E02000988,Bolton 005,,E02000988,Bolton 005,E08000001,Bolton,,4119,True
4119,E02000989,Bolton 006,,E02000989,Bolton 006,E08000001,Bolton,,4120,True
4120,E02000990,Bolton 007,,E02000990,Bolton 007,E08000001,Bolton,,4121,True
4121,E02000991,Bolton 008,,E02000991,Bolton 008,E08000001,Bolton,,4122,True
4122,E02000992,Bolton 009,,E02000992,Bolton 009,E08000001,Bolton,,4123,True
4123,E02000993,Bolton 010,,E02000993,Bolton 010,E08000001,Bolton,,4124,True
4124,E02000994,Bolton 011,,E02000994,Bolton 011,E08000001,Bolton,,4125,True
4125,E02000995,Bolton 012,,E02000995,Bolton 012,E08000001,Bolton,,4126,True
4126,E02000996,Bolton 013,,E02000996,Bolton 013,E08000001,Bolton,,4127,True
4127,E02000997,Bolton 014,,E02000997,Bolton 014,E08000001,Bolton,,4128,True
4128,E02000998,Bolton 015,,E02000998,Bolton 015,E08000001,Bolton,,4129,True
4129,E02000999,Bolton 016,,E02000999,Bolton 016,E08000001,Bolton,,4130,True
4130,E02001000,Bolton 017,,E02001000,Bolton 017,E08000001,Bolton,,4131,True
4131,E02001001,Bolton 018,,E02001001,Bolton 018,E08000001,Bolton,,4132,True
4132,E02001002,Bolton 019,,E02001002,Bolton 019,E08000001,Bolton,,4133,True
4133,E02001003,Bolton 020,,E02001003,Bolton 020,E08000001,Bolton,,4134,True
4134,E02001004,Bolton 021,,E02001004,Bolton 021,E08000001,Bolton,,4135,True
4135,E02001005,Bolton 022,,E02001005,Bolton 022,E08000001,Bolton,,4136,True
4136,E02001006,Bolton 023,,E02001006,Bolton 023,E08000001,Bolton,,4137,True
4137,E02001007,Bolton 024,,E02001007,Bolton 024,E08000001,Bolton,,4138,True
4138,E02001008,Bolton 025,,E02001008,Bolton 025,E08000001,Bolton,,4139,True
4139,E02001009,Bolton 026,,E02001009,Bolton 026,E08000001,Bolton,,4140,True
4140,E02001010,Bolton 027,,E02001010,Bolton 027,E08000001,Bolton,,4141,True
4141,E02001011,Bolton 028,,E02001011,Bolton 028,E08000001,Bolton,,4142,True
4142,E02001012,Bolton 029,,E02001012,Bolton 029,E08000001,Bolton,,4143,True
4143,E02001013,Bolton 030,,E02001013,Bolton 030,E08000001,Bolton,,4144,True
4144,E02001014,Bolton 031,,E02001014,Bolton 031,E08000001,Bolton,,4145,True
4145,E02001015,Bolton 032,,E02001015,Bolton 032,E08000001,Bolton,,4146,True
4146,E02001016,Bolton 033,,E02001016,Bolton 033,E08000001,Bolton,,4147,True
4147,E02001017,Bolton 034,,E02001017,Bolton 034,E08000001,Bolton,,4148,True
4148,E02001018,Bolton 035,,E02001018,Bolton 035,E08000001,Bolton,,4149,True
4149,E02001019,Bury 001,,E02001019,Bury 001,E08000002,Bury,,4150,True
4150,E02001020,Bury 002,,E02001020,Bury 002,E08000002,Bury,,4151,True
4151,E02001021,Bury 003,,E02001021,Bury 003,E08000002,Bury,,4152,True
4152,E02001022,Bury 004,,E02001022,Bury 004,E08000002,Bury,,4153,True
4153,E02001023,Bury 005,,E02001023,Bury 005,E08000002,Bury,,4154,True
4154,E02001024,Bury 006,,E02001024,Bury 006,E08000002,Bury,,4155,True
4155,E02001025,Bury 007,,E02001025,Bury 007,E08000002,Bury,,4156,True
4156,E02001026,Bury 008,,E02001026,Bury 008,E08000002,Bury,,4157,True
4157,E02001027,Bury 009,,E02001027,Bury 009,E08000002,Bury,,4158,True
4158,E02001028,Bury 010,,E02001028,Bury 010,E08000002,Bury,,4159,True
4159,E02001029,Bury 011,,E02001029,Bury 011,E08000002,Bury,,4160,True
4160,E02001030,Bury 012,,E02001030,Bury 012,E08000002,Bury,,4161,True
4400,E02001086,Manchester 042,,E02001086,Manchester 042,E08000003,Manchester,,4401,True
4401,E02001087,Manchester 043,,E02001087,Manchester 043,E08000003,Manchester,,4402,True
4402,E02001088,Manchester 044,,E02001088,Manchester 044,E08000003,Manchester,,4403,True
4403,E02001089,Manchester 045,,E02001089,Manchester 045,E08000003,Manchester,,4404,True
4404,E02001090,Manchester 046,,E02001090,Manchester 046,E08000003,Manchester,,4405,True
4405,E02001091,Manchester 047,,E02001091,Manchester 047,E08000003,Manchester,,4406,True
4406,E02001092,Manchester 048,,E02001092,Manchester 048,E08000003,Manchester,,4407,True
4407,E02001093,Manchester 049,,E02001093,Manchester 049,E08000003,Manchester,,4408,True
4408,E02001094,Manchester 050,,E02001094,Manchester 050,E08000003,Manchester,,4409,True
4409,E02001095,Manchester 051,,E02001095,Manchester 051,E08000003,Manchester,,4410,True
4410,E02001096,Manchester 052,,E02001096,Manchester 052,E08000003,Manchester,,4411,True
4411,E02001097,Manchester 053,,E02001097,Manchester 053,E08000003,Manchester,,4412,True
4412,E02006902,Manchester 054,,E02006902,Manchester 054,E08000003,Manchester,,4413,True
4413,E02006912,Manchester 055,,E02006912,Manchester 055,E08000003,Manchester,,4414,True
4414,E02006913,Manchester 056,,E02006913,Manchester 056,E08000003,Manchester,,4415,True
4415,E02006914,Manchester 057,,E02006914,Manchester 057,E08000003,Manchester,,4416,True
4416,E02006915,Manchester 058,,E02006915,Manchester 058,E08000003,Manchester,,4417,True
4417,E02006916,Manchester 059,,E02006916,Manchester 059,E08000003,Manchester,,4418,True
4418,E02006917,Manchester 060,,E02006917,Manchester 060,E08000003,Manchester,,4419,True
4419,E02001057,Manchester 013,,E02006983,Manchester 061,E08000003,Manchester,,4420,True
4420,E02001057,Manchester 013,,E02006984,Manchester 062,E08000003,Manchester,,4421,True
4421,E02001071,Manchester 027,,E02006985,Manchester 063,E08000003,Manchester,,4422,True
4422,E02001071,Manchester 027,,E02006986,Manchester 064,E08000003,Manchester,,4423,True
4423,E02001098,Oldham 001,,E02001098,Oldham 001,E08000004,Oldham,,4424,True
4424,E02001099,Oldham 002,,E02001099,Oldham 002,E08000004,Oldham,,4425,True
4425,E02001100,Oldham 003,,E02001100,Oldham 003,E08000004,Oldham,,4426,True
4426,E02001101,Oldham 004,,E02001101,Oldham 004,E08000004,Oldham,,4427,True
4427,E02001102,Oldham 005,,E02001102,Oldham 005,E08000004,Oldham,,4428,True
4428,E02001103,Oldham 006,,E02001103,Oldham 006,E08000004,Oldham,,4429,True
4429,E02001104,Oldham 007,,E02001104,Oldham 007,E08000004,Oldham,,4430,True
4430,E02001105,Oldham 008,,E02001105,Oldham 008,E08000004,Oldham,,4431,True
4431,E02001106,Oldham 009,,E02001106,Oldham 009,E08000004,Oldham,,4432,True
4432,E02001107,Oldham 010,,E02001107,Oldham 010,E08000004,Oldham,,4433,True
4433,E02001108,Oldham 011,,E02001108,Oldham 011,E08000004,Oldham,,4434,True
4434,E02001109,Oldham 012,,E02001109,Oldham 012,E08000004,Oldham,,4435,True
4435,E02001110,Oldham 013,,E02001110,Oldham 013,E08000004,Oldham,,4436,True
4436,E02001111,Oldham 014,,E02001111,Oldham 014,E08000004,Oldham,,4437,True
4437,E02001112,Oldham 015,,E02001112,Oldham 015,E08000004,Oldham,,4438,True
4438,E02001113,Oldham 016,,E02001113,Oldham 016,E08000004,Oldham,,4439,True
4439,E02001114,Oldham 017,,E02001114,Oldham 017,E08000004,Oldham,,4440,True
4440,E02001115,Oldham 018,,E02001115,Oldham 018,E08000004,Oldham,,4441,True
4441,E02001116,Oldham 019,,E02001116,Oldham 019,E08000004,Oldham,,4442,True
4442,E02001117,Oldham 020,,E02001117,Oldham 020,E08000004,Oldham,,4443,True
4443,E02001118,Oldham 021,,E02001118,Oldham 021,E08000004,Oldham,,4444,True
4444,E02001119,Oldham 022,,E02001119,Oldham 022,E08000004,Oldham,,4445,True
4445,E02001121,Oldham 024,,E02001121,Oldham 024,E08000004,Oldham,,4446,True
4446,E02001123,Oldham 026,,E02001123,Oldham 026,E08000004,Oldham,,4447,True
4447,E02001124,Oldham 027,,E02001124,Oldham 027,E08000004,Oldham,,4448,True
4448,E02001125,Oldham 028,,E02001125,Oldham 028,E08000004,Oldham,,4449,True
4449,E02001126,Oldham 029,,E02001126,Oldham 029,E08000004,Oldham,,4450,True
4450,E02001176,Salford 020,,E02001176,Salford 020,E08000006,Salford,,4451,True
4451,E02001031,Bury 013,,E02001031,Bury 013,E08000002,Bury,,4452,True
4452,E02001127,Oldham 030,,E02001127,Oldham 030,E08000004,Oldham,,4453,True
4454,E02001221,Stockport 035,,E02001221,Stockport 035,E08000007,Stockport,,4455,True
4455,E02001321,Wigan 035,,E02001321,Wigan 035,E08000010,Wigan,,4456,True
4456,E02001271,Trafford 013,,E02001271,Trafford 013,E08000009,Trafford,,4457,True
4457,E02001032,Bury 014,,E02001032,Bury 014,E08000002,Bury,,4458,True
4458,E02001177,Salford 021,,E02001177,Salford 021,E08000006,Salford,,4459,True
4459,E02001272,Trafford 014,,E02001272,Trafford 014,E08000009,Trafford,,4460,True
4461,E02001322,Wigan 036,,E02001322,Wigan 036,E08000010,Wigan,,4462,True
4462,E02001033,Bury 015,,E02001033,Bury 015,E08000002,Bury,,4463,True
4463,E02001222,Stockport 036,,E02001222,Stockport 036,E08000007,Stockport,,4464,True
4464,E02001128,Oldham 031,,E02001128,Oldham 031,E08000004,Oldham,,4465,True
4465,E02001179,Salford 023,,E02001179,Salford 023,E08000006,Salford,,4466,True
4466,E02001273,Trafford 015,,E02001273,Trafford 015,E08000009,Trafford,,4467,True
4468,E02001323,Wigan 037,,E02001323,Wigan 037,E08000010,Wigan,,4469,True
4469,E02001034,Bury 016,,E02001034,Bury 016,E08000002,Bury,,4470,True
4470,E02001223,Stockport 037,,E02001223,Stockport 037,E08000007,Stockport,,4471,True
4471,E02001129,Oldham 032,,E02001129,Oldham 032,E08000004,Oldham,,4472,True
4472,E02001180,Salford 024,,E02001180,Salford 024,E08000006,Salford,,4473,True
4473,E02001274,Trafford 016,,E02001274,Trafford 016,E08000009,Trafford,,4474,True
4475,E02001324,Wigan 038,,E02001324,Wigan 038,E08000010,Wigan,,4476,True
4476,E02001035,Bury 017,,E02001035,Bury 017,E08000002,Bury,,4477,True
4477,E02001224,Stockport 038,,E02001224,Stockport 038,E08000007,Stockport,,4478,True
4478,E02001130,Oldham 033,,E02001130,Oldham 033,E08000004,Oldham,,4479,True
4479,E02001181,Salford 025,,E02001181,Salford 025,E08000006,Salford,,4480,True
4480,E02001182,Salford 026,,E02001182,Salford 026,E08000006,Salford,,4481,True
4481,E02001183,Salford 027,,E02001183,Salford 027,E08000006,Salford,,4482,True
4482,E02001185,Salford 029,,E02001185,Salford 029,E08000006,Salford,,4483,True
4483,E02001186,Salford 030,,E02001186,Salford 030,E08000006,Salford,,4484,True
4484,E02001172,Salford 016,,E02006957,Salford 031,E08000006,Salford,,4485,True
4485,E02001172,Salford 016,,E02006958,Salford 032,E08000006,Salford,,4486,True
4486,E02001178,Salford 022,,E02006959,Salford 033,E08000006,Salford,,4487,True
4487,E02001178,Salford 022,,E02006960,Salford 034,E08000006,Salford,,4488,True
4488,E02001184,Salford 028,,E02006961,Salford 035,E08000006,Salford,,4489,True
4489,E02001184,Salford 028,,E02006962,Salford 036,E08000006,Salford,,4490,True
4490,E02001184,Salford 028,,E02006963,Salford 037,E08000006,Salford,,4491,True
4491,E02001187,Stockport 001,,E02001187,Stockport 001,E08000007,Stockport,,4492,True
4492,E02001188,Stockport 002,,E02001188,Stockport 002,E08000007,Stockport,,4493,True
4493,E02001189,Stockport 003,,E02001189,Stockport 003,E08000007,Stockport,,4494,True
4494,E02001190,Stockport 004,,E02001190,Stockport 004,E08000007,Stockport,,4495,True
4495,E02001191,Stockport 005,,E02001191,Stockport 005,E08000007,Stockport,,4496,True
4496,E02001192,Stockport 006,,E02001192,Stockport 006,E08000007,Stockport,,4497,True
4497,E02001193,Stockport 007,,E02001193,Stockport 007,E08000007,Stockport,,4498,True
4498,E02001194,Stockport 008,,E02001194,Stockport 008,E08000007,Stockport,,4499,True
4499,E02001195,Stockport 009,,E02001195,Stockport 009,E08000007,Stockport,,4500,True
4500,E02001196,Stockport 010,,E02001196,Stockport 010,E08000007,Stockport,,4501,True
4501,E02001197,Stockport 011,,E02001197,Stockport 011,E08000007,Stockport,,4502,True
4502,E02001198,Stockport 012,,E02001198,Stockport 012,E08000007,Stockport,,4503,True
4503,E02001199,Stockport 013,,E02001199,Stockport 013,E08000007,Stockport,,4504,True
4504,E02001200,Stockport 014,,E02001200,Stockport 014,E08000007,Stockport,,4505,True
4505,E02001201,Stockport 015,,E02001201,Stockport 015,E08000007,Stockport,,4506,True
4506,E02001202,Stockport 016,,E02001202,Stockport 016,E08000007,Stockport,,4507,True
4507,E02001203,Stockport 017,,E02001203,Stockport 017,E08000007,Stockport,,4508,True
4508,E02001204,Stockport 018,,E02001204,Stockport 018,E08000007,Stockport,,4509,True
4509,E02001205,Stockport 019,,E02001205,Stockport 019,E08000007,Stockport,,4510,True
4510,E02001206,Stockport 020,,E02001206,Stockport 020,E08000007,Stockport,,4511,True
4511,E02001207,Stockport 021,,E02001207,Stockport 021,E08000007,Stockport,,4512,True
4512,E02001208,Stockport 022,,E02001208,Stockport 022,E08000007,Stockport,,4513,True
4513,E02001209,Stockport 023,,E02001209,Stockport 023,E08000007,Stockport,,4514,True
4514,E02001210,Stockport 024,,E02001210,Stockport 024,E08000007,Stockport,,4515,True
4515,E02001211,Stockport 025,,E02001211,Stockport 025,E08000007,Stockport,,4516,True
4516,E02001212,Stockport 026,,E02001212,Stockport 026,E08000007,Stockport,,4517,True
4517,E02001213,Stockport 027,,E02001213,Stockport 027,E08000007,Stockport,,4518,True
4518,E02001214,Stockport 028,,E02001214,Stockport 028,E08000007,Stockport,,4519,True
4519,E02001215,Stockport 029,,E02001215,Stockport 029,E08000007,Stockport,,4520,True
4520,E02001216,Stockport 030,,E02001216,Stockport 030,E08000007,Stockport,,4521,True
4521,E02001217,Stockport 031,,E02001217,Stockport 031,E08000007,Stockport,,4522,True
4522,E02001218,Stockport 032,,E02001218,Stockport 032,E08000007,Stockport,,4523,True
4523,E02001219,Stockport 033,,E02001219,Stockport 033,E08000007,Stockport,,4524,True
4524,E02001220,Stockport 034,,E02001220,Stockport 034,E08000007,Stockport,,4525,True
4525,E02001325,Wigan 039,,E02001325,Wigan 039,E08000010,Wigan,,4526,True
4526,E02001326,Wigan 040,,E02001326,Wigan 040,E08000010,Wigan,,4527,True
4527,E02001036,Bury 018,,E02001036,Bury 018,E08000002,Bury,,4528,True
4529,E02001275,Trafford 017,,E02001275,Trafford 017,E08000009,Trafford,,4530,True
4531,E02001131,Oldham 034,,E02001131,Oldham 034,E08000004,Oldham,,4532,True
4533,E02001037,Bury 019,,E02001037,Bury 019,E08000002,Bury,,4534,True
4535,E02001276,Trafford 018,,E02001276,Trafford 018,E08000009,Trafford,,4536,True
4536,E02001225,Stockport 039,,E02001225,Stockport 039,E08000007,Stockport,,4537,True
4538,E02001038,Bury 020,,E02001038,Bury 020,E08000002,Bury,,4539,True
4539,E02001226,Stockport 040,,E02001226,Stockport 040,E08000007,Stockport,,4540,True
4541,E02001277,Trafford 019,,E02001277,Trafford 019,E08000009,Trafford,,4542,True
4542,E02001039,Bury 021,,E02001039,Bury 021,E08000002,Bury,,4543,True
4543,E02001227,Stockport 041,,E02001227,Stockport 041,E08000007,Stockport,,4544,True
4545,E02006860,Oldham 035,,E02007000,Oldham 036,E08000004,Oldham,,4546,True
4547,E02001278,Trafford 020,,E02001278,Trafford 020,E08000009,Trafford,,4548,True
4548,E02001040,Bury 022,,E02001040,Bury 022,E08000002,Bury,,4549,True
4549,E02001228,Stockport 042,,E02001228,Stockport 042,E08000007,Stockport,,4550,True
4551,E02006860,Oldham 035,,E02007001,Oldham 037,E08000004,Oldham,,4552,True
4553,E02001279,Trafford 021,,E02001279,Trafford 021,E08000009,Trafford,,4554,True
4554,E02001041,Bury 023,,E02001041,Bury 023,E08000002,Bury,,4555,True
4555,E02001229,Tameside 001,,E02001229,Tameside 001,E08000008,Tameside,,4556,True
4556,E02001042,Bury 024,,E02001042,Bury 024,E08000002,Bury,,4557,True
4558,E02001043,Bury 025,,E02001043,Bury 025,E08000002,Bury,,4559,True
4561,E02001044,Bury 026,,E02001044,Bury 026,E08000002,Bury,,4562,True
4562,E02001230,Tameside 002,,E02001230,Tameside 002,E08000008,Tameside,,4563,True
4563,E02001280,Trafford 022,,E02001280,Trafford 022,E08000009,Trafford,,4564,True
4564,E02001132,Rochdale 001,,E02001132,Rochdale 001,E08000005,Rochdale,,4565,True
4565,E02001045,Manchester 001,,E02001045,Manchester 001,E08000003,Manchester,,4566,True
4566,E02001133,Rochdale 002,,E02001133,Rochdale 002,E08000005,Rochdale,,4567,True
4567,E02001046,Manchester 002,,E02001046,Manchester 002,E08000003,Manchester,,4568,True
4568,E02001134,Rochdale 003,,E02001134,Rochdale 003,E08000005,Rochdale,,4569,True
4569,E02001047,Manchester 003,,E02001047,Manchester 003,E08000003,Manchester,,4570,True
4570,E02001135,Rochdale 004,,E02001135,Rochdale 004,E08000005,Rochdale,,4571,True
4571,E02001281,Trafford 023,,E02001281,Trafford 023,E08000009,Trafford,,4572,True
4572,E02001048,Manchester 004,,E02001048,Manchester 004,E08000003,Manchester,,4573,True
4573,E02001136,Rochdale 005,,E02001136,Rochdale 005,E08000005,Rochdale,,4574,True
4575,E02001282,Trafford 024,,E02001282,Trafford 024,E08000009,Trafford,,4576,True
4576,E02001231,Tameside 003,,E02001231,Tameside 003,E08000008,Tameside,,4577,True
4577,E02001049,Manchester 005,,E02001049,Manchester 005,E08000003,Manchester,,4578,True
4578,E02001137,Rochdale 006,,E02001137,Rochdale 006,E08000005,Rochdale,,4579,True
4581,E02001283,Trafford 025,,E02001283,Trafford 025,E08000009,Trafford,,4582,True
4582,E02001232,Tameside 004,,E02001232,Tameside 004,E08000008,Tameside,,4583,True
4583,E02001050,Manchester 006,,E02001050,Manchester 006,E08000003,Manchester,,4584,True
4584,E02001138,Rochdale 007,,E02001138,Rochdale 007,E08000005,Rochdale,,4585,True
4587,E02001284,Trafford 026,,E02001284,Trafford 026,E08000009,Trafford,,4588,True
4588,E02001233,Tameside 005,,E02001233,Tameside 005,E08000008,Tameside,,4589,True
4589,E02001051,Manchester 007,,E02001051,Manchester 007,E08000003,Manchester,,4590,True
4590,E02001139,Rochdale 008,,E02001139,Rochdale 008,E08000005,Rochdale,,4591,True
4593,E02001285,Trafford 027,,E02001285,Trafford 027,E08000009,Trafford,,4594,True
4594,E02001234,Tameside 006,,E02001234,Tameside 006,E08000008,Tameside,,4595,True
4595,E02001052,Manchester 008,,E02001052,Manchester 008,E08000003,Manchester,,4596,True
4596,E02001140,Rochdale 009,,E02001140,Rochdale 009,E08000005,Rochdale,,4597,True
4599,E02001286,Trafford 028,,E02001286,Trafford 028,E08000009,Trafford,,4600,True
4600,E02001235,Tameside 007,,E02001235,Tameside 007,E08000008,Tameside,,4601,True
4601,E02001053,Manchester 009,,E02001053,Manchester 009,E08000003,Manchester,,4602,True
4602,E02001141,Rochdale 010,,E02001141,Rochdale 010,E08000005,Rochdale,,4603,True
4638,E02001287,Wigan 001,,E02001287,Wigan 001,E08000010,Wigan,,4639,True
4639,E02001055,Manchester 011,,E02001055,Manchester 011,E08000003,Manchester,,4640,True
4640,E02001288,Wigan 002,,E02001288,Wigan 002,E08000010,Wigan,,4641,True
4641,E02001236,Tameside 008,,E02001236,Tameside 008,E08000008,Tameside,,4642,True
4642,E02001056,Manchester 012,,E02001056,Manchester 012,E08000003,Manchester,,4643,True
4643,E02001289,Wigan 003,,E02001289,Wigan 003,E08000010,Wigan,,4644,True
4644,E02001237,Tameside 009,,E02001237,Tameside 009,E08000008,Tameside,,4645,True
4646,E02001059,Manchester 015,,E02001059,Manchester 015,E08000003,Manchester,,4647,True
4647,E02001290,Wigan 004,,E02001290,Wigan 004,E08000010,Wigan,,4648,True
4648,E02001238,Tameside 010,,E02001238,Tameside 010,E08000008,Tameside,,4649,True
4650,E02001142,Rochdale 011,,E02001142,Rochdale 011,E08000005,Rochdale,,4651,True
4651,E02001061,Manchester 017,,E02001061,Manchester 017,E08000003,Manchester,,4652,True
4652,E02001062,Manchester 018,,E02001062,Manchester 018,E08000003,Manchester,,4653,True
4653,E02001291,Wigan 005,,E02001291,Wigan 005,E08000010,Wigan,,4654,True
4654,E02001063,Manchester 019,,E02001063,Manchester 019,E08000003,Manchester,,4655,True
4655,E02001239,Tameside 011,,E02001239,Tameside 011,E08000008,Tameside,,4656,True
4657,E02001143,Rochdale 012,,E02001143,Rochdale 012,E08000005,Rochdale,,4658,True
4658,E02001144,Rochdale 013,,E02001144,Rochdale 013,E08000005,Rochdale,,4659,True
4659,E02001145,Rochdale 014,,E02001145,Rochdale 014,E08000005,Rochdale,,4660,True
4660,E02001064,Manchester 020,,E02001064,Manchester 020,E08000003,Manchester,,4661,True
4661,E02001146,Rochdale 015,,E02001146,Rochdale 015,E08000005,Rochdale,,4662,True
4663,E02001065,Manchester 021,,E02001065,Manchester 021,E08000003,Manchester,,4664,True
4664,E02001147,Rochdale 016,,E02001147,Rochdale 016,E08000005,Rochdale,,4665,True
4666,E02001240,Tameside 012,,E02001240,Tameside 012,E08000008,Tameside,,4667,True
4667,E02001292,Wigan 006,,E02001292,Wigan 006,E08000010,Wigan,,4668,True
4668,E02001066,Manchester 022,,E02001066,Manchester 022,E08000003,Manchester,,4669,True
4669,E02001148,Rochdale 017,,E02001148,Rochdale 017,E08000005,Rochdale,,4670,True
4671,E02001241,Tameside 013,,E02001241,Tameside 013,E08000008,Tameside,,4672,True
4672,E02001293,Wigan 007,,E02001293,Wigan 007,E08000010,Wigan,,4673,True
4673,E02001067,Manchester 023,,E02001067,Manchester 023,E08000003,Manchester,,4674,True
4674,E02001149,Rochdale 018,,E02001149,Rochdale 018,E08000005,Rochdale,,4675,True
4675,E02001294,Wigan 008,,E02001294,Wigan 008,E08000010,Wigan,,4676,True
4677,E02001295,Wigan 009,,E02001295,Wigan 009,E08000010,Wigan,,4678,True
4678,E02001068,Manchester 024,,E02001068,Manchester 024,E08000003,Manchester,,4679,True
4679,E02001296,Wigan 010,,E02001296,Wigan 010,E08000010,Wigan,,4680,True
4681,E02001150,Rochdale 019,,E02001150,Rochdale 019,E08000005,Rochdale,,4682,True
4682,E02001242,Tameside 014,,E02001242,Tameside 014,E08000008,Tameside,,4683,True
4683,E02001243,Tameside 015,,E02001243,Tameside 015,E08000008,Tameside,,4684,True
4684,E02001244,Tameside 016,,E02001244,Tameside 016,E08000008,Tameside,,4685,True
4685,E02001069,Manchester 025,,E02001069,Manchester 025,E08000003,Manchester,,4686,True
4686,E02001245,Tameside 017,,E02001245,Tameside 017,E08000008,Tameside,,4687,True
4687,E02001151,Rochdale 020,,E02001151,Rochdale 020,E08000005,Rochdale,,4688,True
4689,E02001297,Wigan 011,,E02001297,Wigan 011,E08000010,Wigan,,4690,True
4690,E02001070,Manchester 026,,E02001070,Manchester 026,E08000003,Manchester,,4691,True
4691,E02001246,Tameside 018,,E02001246,Tameside 018,E08000008,Tameside,,4692,True
4692,E02001152,Rochdale 021,,E02001152,Rochdale 021,E08000005,Rochdale,,4693,True
4694,E02001298,Wigan 012,,E02001298,Wigan 012,E08000010,Wigan,,4695,True
4695,E02001072,Manchester 028,,E02001072,Manchester 028,E08000003,Manchester,,4696,True
4696,E02001247,Tameside 019,,E02001247,Tameside 019,E08000008,Tameside,,4697,True
4697,E02001153,Rochdale 022,,E02001153,Rochdale 022,E08000005,Rochdale,,4698,True
4699,E02001299,Wigan 013,,E02001299,Wigan 013,E08000010,Wigan,,4700,True
4700,E02001073,Manchester 029,,E02001073,Manchester 029,E08000003,Manchester,,4701,True
4701,E02001248,Tameside 020,,E02001248,Tameside 020,E08000008,Tameside,,4702,True
4702,E02001154,Rochdale 023,,E02001154,Rochdale 023,E08000005,Rochdale,,4703,True
4704,E02001300,Wigan 014,,E02001300,Wigan 014,E08000010,Wigan,,4705,True
4705,E02001074,Manchester 030,,E02001074,Manchester 030,E08000003,Manchester,,4706,True
4706,E02001249,Tameside 021,,E02001249,Tameside 021,E08000008,Tameside,,4707,True
4707,E02001155,Rochdale 024,,E02001155,Rochdale 024,E08000005,Rochdale,,4708,True
4709,E02001301,Wigan 015,,E02001301,Wigan 015,E08000010,Wigan,,4710,True
4710,E02001075,Manchester 031,,E02001075,Manchester 031,E08000003,Manchester,,4711,True
4711,E02001250,Tameside 022,,E02001250,Tameside 022,E08000008,Tameside,,4712,True
4712,E02001156,Rochdale 025,,E02001156,Rochdale 025,E08000005,Rochdale,,4713,True
4714,E02001302,Wigan 016,,E02001302,Wigan 016,E08000010,Wigan,,4715,True
4715,E02001076,Manchester 032,,E02001076,Manchester 032,E08000003,Manchester,,4716,True
4716,E02001251,Tameside 023,,E02001251,Tameside 023,E08000008,Tameside,,4717,True
4717,E02001157,Salford 001,,E02001157,Salford 001,E08000006,Salford,,4718,True
4719,E02001303,Wigan 017,,E02001303,Wigan 017,E08000010,Wigan,,4720,True
4720,E02001077,Manchester 033,,E02001077,Manchester 033,E08000003,Manchester,,4721,True
4721,E02001252,Tameside 024,,E02001252,Tameside 024,E08000008,Tameside,,4722,True
4722,E02001158,Salford 002,,E02001158,Salford 002,E08000006,Salford,,4723,True
4724,E02001304,Wigan 018,,E02001304,Wigan 018,E08000010,Wigan,,4725,True
4725,E02001305,Wigan 019,,E02001305,Wigan 019,E08000010,Wigan,,4726,True
4726,E02001306,Wigan 020,,E02001306,Wigan 020,E08000010,Wigan,,4727,True
4727,E02001307,Wigan 021,,E02001307,Wigan 021,E08000010,Wigan,,4728,True
4728,E02001308,Wigan 022,,E02001308,Wigan 022,E08000010,Wigan,,4729,True
4729,E02001309,Wigan 023,,E02001309,Wigan 023,E08000010,Wigan,,4730,True
4730,E02001310,Wigan 024,,E02001310,Wigan 024,E08000010,Wigan,,4731,True
4731,E02001311,Wigan 025,,E02001311,Wigan 025,E08000010,Wigan,,4732,True
4732,E02001312,Wigan 026,,E02001312,Wigan 026,E08000010,Wigan,,4733,True
4733,E02001313,Wigan 027,,E02001313,Wigan 027,E08000010,Wigan,,4734,True
4734,E02001314,Wigan 028,,E02001314,Wigan 028,E08000010,Wigan,,4735,True
4735,E02001315,Wigan 029,,E02001315,Wigan 029,E08000010,Wigan,,4736,True
4736,E02001316,Wigan 030,,E02001316,Wigan 030,E08000010,Wigan,,4737,True
4737,E02001317,Wigan 031,,E02001317,Wigan 031,E08000010,Wigan,,4738,True
4738,E02001318,Wigan 032,,E02001318,Wigan 032,E08000010,Wigan,,4739,True
4739,E02001319,Wigan 033,,E02001319,Wigan 033,E08000010,Wigan,,4740,True
4740,E02001320,Wigan 034,,E02001320,Wigan 034,E08000010,Wigan,,4741,True
4741,E02001078,Manchester 034,,E02001078,Manchester 034,E08000003,Manchester,,4742,True
4742,E02001079,Manchester 035,,E02001079,Manchester 035,E08000003,Manchester,,4743,True
4743,E02001080,Manchester 036,,E02001080,Manchester 036,E08000003,Manchester,,4744,True
4744,E02001081,Manchester 037,,E02001081,Manchester 037,E08000003,Manchester,,4745,True
4745,E02001082,Manchester 038,,E02001082,Manchester 038,E08000003,Manchester,,4746,True
4746,E02001083,Manchester 039,,E02001083,Manchester 039,E08000003,Manchester,,4747,True
4747,E02001084,Manchester 040,,E02001084,Manchester 040,E08000003,Manchester,,4748,True
4748,E02001085,Manchester 041,,E02001085,Manchester 041,E08000003,Manchester,,4749,True
4749,E02001253,Tameside 025,,E02001253,Tameside 025,E08000008,Tameside,,4750,True
4750,E02001254,Tameside 026,,E02001254,Tameside 026,E08000008,Tameside,,4751,True
4751,E02001255,Tameside 027,,E02001255,Tameside 027,E08000008,Tameside,,4752,True
4752,E02001256,Tameside 028,,E02001256,Tameside 028,E08000008,Tameside,,4753,True
4753,E02001257,Tameside 029,,E02001257,Tameside 029,E08000008,Tameside,,4754,True
4754,E02001258,Tameside 030,,E02001258,Tameside 030,E08000008,Tameside,,4755,True
4755,E02001259,Trafford 001,,E02001259,Trafford 001,E08000009,Trafford,,4756,True
4756,E02001260,Trafford 002,,E02001260,Trafford 002,E08000009,Trafford,,4757,True
4757,E02001261,Trafford 003,,E02001261,Trafford 003,E08000009,Trafford,,4758,True
4758,E02001262,Trafford 004,,E02001262,Trafford 004,E08000009,Trafford,,4759,True
4759,E02001263,Trafford 005,,E02001263,Trafford 005,E08000009,Trafford,,4760,True
4760,E02001264,Trafford 006,,E02001264,Trafford 006,E08000009,Trafford,,4761,True
4761,E02001265,Trafford 007,,E02001265,Trafford 007,E08000009,Trafford,,4762,True
4762,E02001266,Trafford 008,,E02001266,Trafford 008,E08000009,Trafford,,4763,True
4763,E02001267,Trafford 009,,E02001267,Trafford 009,E08000009,Trafford,,4764,True
4764,E02001268,Trafford 010,,E02001268,Trafford 010,E08000009,Trafford,,4765,True
4765,E02001269,Trafford 011,,E02001269,Trafford 011,E08000009,Trafford,,4766,True
4766,E02001270,Trafford 012,,E02001270,Trafford 012,E08000009,Trafford,,4767,True
4767,E02001159,Salford 003,,E02001159,Salford 003,E08000006,Salford,,4768,True
4768,E02001160,Salford 004,,E02001160,Salford 004,E08000006,Salford,,4769,True
4769,E02001161,Salford 005,,E02001161,Salford 005,E08000006,Salford,,4770,True
4770,E02001162,Salford 006,,E02001162,Salford 006,E08000006,Salford,,4771,True
4771,E02001163,Salford 007,,E02001163,Salford 007,E08000006,Salford,,4772,True
4772,E02001164,Salford 008,,E02001164,Salford 008,E08000006,Salford,,4773,True
4773,E02001165,Salford 009,,E02001165,Salford 009,E08000006,Salford,,4774,True
4774,E02001166,Salford 010,,E02001166,Salford 010,E08000006,Salford,,4775,True
4775,E02001167,Salford 011,,E02001167,Salford 011,E08000006,Salford,,4776,True
4776,E02001168,Salford 012,,E02001168,Salford 012,E08000006,Salford,,4777,True
4777,E02001169,Salford 013,,E02001169,Salford 013,E08000006,Salford,,4778,True
4778,E02001170,Salford 014,,E02001170,Salford 014,E08000006,Salford,,4779,True
4779,E02001171,Salford 015,,E02001171,Salford 015,E08000006,Salford,,4780,True
4780,E02001173,Salford 017,,E02001173,Salford 017,E08000006,Salford,,4781,True
4781,E02001174,Salford 018,,E02001174,Salford 018,E08000006,Salford,,4782,True
4782,E02001175,Salford 019,,E02001175,Salford 019,E08000006,Salford,,4783,True
